{
  "repoSenseVersion": "0b7e276b40",
  "reportGeneratedTime": "Mon Jan 25 04:43:56 2021 UTC",
  "reportGenerationTime": " 6.31 second(s)",
  "zoneId": "UTC",
  "reportTitle": "RepoSense Report",
  "repos": [
    {
      "location": {
        "location": "https://github.com/reposense/RepoSense.git",
        "repoName": "RepoSense",
        "organization": "reposense"
      },
      "branch": "master",
      "displayName": "reposense/RepoSense[master]",
      "outputFolderName": "reposense_RepoSense_master"
    }
  ],
  "errorList": [],
  "sinceDate": "2020-12-25",
  "untilDate": "2021-01-25",
  "isSinceDateProvided": false,
  "isUntilDateProvided": false
}
