[
  {
    "path": "docs/about.md",
    "fileType": "md",
    "lines": [
      {
        "lineNumber": 1,
        "author": {
          "gitId": "-"
        },
        "content": "\u003cvariable name\u003d\"title\"\u003eAbout us\u003c/variable\u003e"
      },
      {
        "lineNumber": 2,
        "author": {
          "gitId": "-"
        },
        "content": "\u003cfrontmatter\u003e"
      },
      {
        "lineNumber": 3,
        "author": {
          "gitId": "-"
        },
        "content": "  title: \"{{ title | safe }}\""
      },
      {
        "lineNumber": 4,
        "author": {
          "gitId": "-"
        },
        "content": "\u003c/frontmatter\u003e"
      },
      {
        "lineNumber": 5,
        "author": {
          "gitId": "-"
        },
        "content": ""
      },
      {
        "lineNumber": 6,
        "author": {
          "gitId": "-"
        },
        "content": "\u003ch1 class\u003d\"display-3\"\u003e\u003cmd\u003e{{ title }}\u003c/md\u003e\u003c/h1\u003e"
      },
      {
        "lineNumber": 7,
        "author": {
          "gitId": "-"
        },
        "content": ""
      },
      {
        "lineNumber": 8,
        "author": {
          "gitId": "-"
        },
        "content": "RepoSense is a project based in the [National University of Singapore, School of Computing](http://www.comp.nus.edu.sg/), and is funded by a _Teaching Enhancement Grant_ from [NUS Center for Development of Teaching and Learning](http://www.cdtl.nus.edu.sg/)."
      },
      {
        "lineNumber": 9,
        "author": {
          "gitId": "-"
        },
        "content": ""
      },
      {
        "lineNumber": 10,
        "author": {
          "gitId": "-"
        },
        "content": "\u003c!-- \u003d\u003d\u003d\u003d\u003d\u003d\u003d\u003d\u003d\u003d\u003d\u003d\u003d\u003d\u003d\u003d\u003d\u003d\u003d\u003d\u003d\u003d\u003d\u003d\u003d\u003d\u003d\u003d\u003d\u003d\u003d\u003d\u003d\u003d\u003d\u003d\u003d\u003d\u003d\u003d\u003d\u003d\u003d\u003d\u003d\u003d\u003d\u003d\u003d\u003d\u003d\u003d\u003d\u003d\u003d\u003d\u003d\u003d\u003d\u003d\u003d\u003d\u003d\u003d\u003d\u003d\u003d\u003d\u003d\u003d\u003d\u003d\u003d\u003d\u003d\u003d\u003d\u003d\u003d\u003d\u003d\u003d\u003d\u003d\u003d\u003d\u003d\u003d\u003d\u003d\u003d\u003d\u003d\u003d\u003d\u003d\u003d\u003d\u003d\u003d --\u003e"
      },
      {
        "lineNumber": 11,
        "author": {
          "gitId": "-"
        },
        "content": ""
      },
      {
        "lineNumber": 12,
        "author": {
          "gitId": "-"
        },
        "content": "## Current team"
      },
      {
        "lineNumber": 13,
        "author": {
          "gitId": "-"
        },
        "content": ""
      },
      {
        "lineNumber": 14,
        "author": {
          "gitId": "-"
        },
        "content": "### [Damith C. Rajapakse](http://www.comp.nus.edu.sg/~damithch)"
      },
      {
        "lineNumber": 15,
        "author": {
          "gitId": "-"
        },
        "content": "![](https://avatars.githubusercontent.com/u/1673303?s\u003d150\u0026v\u003d4)\u003cbr/\u003e"
      },
      {
        "lineNumber": 16,
        "author": {
          "gitId": "-"
        },
        "content": "**Role**: Project Advisor"
      },
      {
        "lineNumber": 17,
        "author": {
          "gitId": "-"
        },
        "content": ""
      },
      {
        "lineNumber": 18,
        "author": {
          "gitId": "-"
        },
        "content": "\u003c!-- ------------------------------------------------------------------------------------------------------ --\u003e"
      },
      {
        "lineNumber": 19,
        "author": {
          "gitId": "-"
        },
        "content": ""
      },
      {
        "lineNumber": 20,
        "author": {
          "gitId": "-"
        },
        "content": "### [Wang Chao](https://github.com/fzdy1914)"
      },
      {
        "lineNumber": 21,
        "author": {
          "gitId": "-"
        },
        "content": "![](https://avatars3.githubusercontent.com/u/35621726?s\u003d150\u0026v\u003d4)\u003cbr/\u003e"
      },
      {
        "lineNumber": 22,
        "author": {
          "gitId": "jamessspanggg"
        },
        "content": "**Role**: Project Lead [2021 Jan - ]\u003cbr/\u003e"
      },
      {
        "lineNumber": 23,
        "author": {
          "gitId": "jamessspanggg"
        },
        "content": "Maintainer [2020 May- 2021 Jan]\u003cbr/\u003e"
      },
      {
        "lineNumber": 24,
        "author": {
          "gitId": "jamessspanggg"
        },
        "content": "Committer [2019 May - 2020 May]\u003cbr/\u003e"
      },
      {
        "lineNumber": 25,
        "author": {
          "gitId": "-"
        },
        "content": "Contributor [2018 Dec - 2019 May]\u003cbr/\u003e"
      },
      {
        "lineNumber": 26,
        "author": {
          "gitId": "-"
        },
        "content": ""
      },
      {
        "lineNumber": 27,
        "author": {
          "gitId": "-"
        },
        "content": "\u003c!-- ------------------------------------------------------------------------------------------------------ --\u003e"
      },
      {
        "lineNumber": 28,
        "author": {
          "gitId": "-"
        },
        "content": ""
      },
      {
        "lineNumber": 29,
        "author": {
          "gitId": "jamessspanggg"
        },
        "content": "### [Peh Xian Bin, Eugene](https://github.com/eugenepeh)"
      },
      {
        "lineNumber": 30,
        "author": {
          "gitId": "jamessspanggg"
        },
        "content": "![](https://avatars.githubusercontent.com/u/19277206?s\u003d150\u0026v\u003d4)\u003cbr/\u003e"
      },
      {
        "lineNumber": 31,
        "author": {
          "gitId": "jamessspanggg"
        },
        "content": "**Role**: Maintainer [2020 May - ]\u003cbr/\u003e"
      },
      {
        "lineNumber": 32,
        "author": {
          "gitId": "jamessspanggg"
        },
        "content": "Project Lead [2018 May - 2020 May]\u003cbr/\u003e"
      },
      {
        "lineNumber": 33,
        "author": {
          "gitId": "-"
        },
        "content": "\u003c!-- ------------------------------------------------------------------------------------------------------ --\u003e"
      },
      {
        "lineNumber": 34,
        "author": {
          "gitId": "-"
        },
        "content": ""
      },
      {
        "lineNumber": 35,
        "author": {
          "gitId": "jamessspanggg"
        },
        "content": "### [James Pang Mun Wai](https://github.com/jamessspanggg)"
      },
      {
        "lineNumber": 36,
        "author": {
          "gitId": "jamessspanggg"
        },
        "content": "![](https://avatars1.githubusercontent.com/u/32864116?s\u003d150\u0026v\u003d4)\u003cbr/\u003e"
      },
      {
        "lineNumber": 37,
        "author": {
          "gitId": "jamessspanggg"
        },
        "content": "**Role**: Maintainer [2021 Jan - ]\u003cbr/\u003e"
      },
      {
        "lineNumber": 38,
        "author": {
          "gitId": "jamessspanggg"
        },
        "content": "Committer [2020 May - 2021 Jan]\u003cbr/\u003e"
      },
      {
        "lineNumber": 39,
        "author": {
          "gitId": "jamessspanggg"
        },
        "content": "Contributor [2019 May - 2020 May]\u003cbr/\u003e"
      },
      {
        "lineNumber": 40,
        "author": {
          "gitId": "-"
        },
        "content": ""
      },
      {
        "lineNumber": 41,
        "author": {
          "gitId": "-"
        },
        "content": "\u003c!-- ------------------------------------------------------------------------------------------------------ --\u003e"
      },
      {
        "lineNumber": 42,
        "author": {
          "gitId": "-"
        },
        "content": ""
      },
      {
        "lineNumber": 43,
        "author": {
          "gitId": "-"
        },
        "content": "### [Liu Yiwen](https://github.com/0blivious)"
      },
      {
        "lineNumber": 44,
        "author": {
          "gitId": "-"
        },
        "content": "**Role**: Contributor [2019 August - ]\u003cbr/\u003e"
      },
      {
        "lineNumber": 45,
        "author": {
          "gitId": "-"
        },
        "content": ""
      },
      {
        "lineNumber": 46,
        "author": {
          "gitId": "-"
        },
        "content": "\u003c!-- ------------------------------------------------------------------------------------------------------ --\u003e"
      },
      {
        "lineNumber": 47,
        "author": {
          "gitId": "-"
        },
        "content": ""
      },
      {
        "lineNumber": 48,
        "author": {
          "gitId": "-"
        },
        "content": "### [Tejas Bhuwania](https://github.com/Tejas2805)"
      },
      {
        "lineNumber": 49,
        "author": {
          "gitId": "-"
        },
        "content": "![](https://avatars2.githubusercontent.com/u/35946746?s\u003d150\u0026v\u003d4)\u003cbr/\u003e"
      },
      {
        "lineNumber": 50,
        "author": {
          "gitId": "-"
        },
        "content": "**Role**: Contributor [2019 August - ]\u003cbr/\u003e"
      },
      {
        "lineNumber": 51,
        "author": {
          "gitId": "-"
        },
        "content": ""
      },
      {
        "lineNumber": 52,
        "author": {
          "gitId": "-"
        },
        "content": "\u003c!-- ------------------------------------------------------------------------------------------------------ --\u003e"
      },
      {
        "lineNumber": 53,
        "author": {
          "gitId": "-"
        },
        "content": ""
      },
      {
        "lineNumber": 54,
        "author": {
          "gitId": "-"
        },
        "content": "### [Anubhav](https://github.com/anubh-v)"
      },
      {
        "lineNumber": 55,
        "author": {
          "gitId": "-"
        },
        "content": "**Role**: Contributor [2019 September - ]\u003cbr/\u003e"
      },
      {
        "lineNumber": 56,
        "author": {
          "gitId": "-"
        },
        "content": ""
      },
      {
        "lineNumber": 57,
        "author": {
          "gitId": "-"
        },
        "content": "\u003c!-- ------------------------------------------------------------------------------------------------------ --\u003e"
      },
      {
        "lineNumber": 58,
        "author": {
          "gitId": "-"
        },
        "content": ""
      },
      {
        "lineNumber": 59,
        "author": {
          "gitId": "-"
        },
        "content": "### [Ang Ze Yu](https://github.com/ang-zeyu)"
      },
      {
        "lineNumber": 60,
        "author": {
          "gitId": "-"
        },
        "content": "**Role**: Contributor [2020 January - ]\u003cbr/\u003e"
      },
      {
        "lineNumber": 61,
        "author": {
          "gitId": "-"
        },
        "content": ""
      },
      {
        "lineNumber": 62,
        "author": {
          "gitId": "-"
        },
        "content": "\u003c!-- ------------------------------------------------------------------------------------------------------ --\u003e"
      },
      {
        "lineNumber": 63,
        "author": {
          "gitId": "-"
        },
        "content": ""
      },
      {
        "lineNumber": 64,
        "author": {
          "gitId": "jamessspanggg"
        },
        "content": "### [Chan Ger Hean](https://github.com/gerhean)"
      },
      {
        "lineNumber": 65,
        "author": {
          "gitId": "jamessspanggg"
        },
        "content": "**Role**: Contributor [2021 January - ]\u003cbr/\u003e"
      },
      {
        "lineNumber": 66,
        "author": {
          "gitId": "-"
        },
        "content": ""
      },
      {
        "lineNumber": 67,
        "author": {
          "gitId": "-"
        },
        "content": "\u003c!-- ------------------------------------------------------------------------------------------------------ --\u003e"
      },
      {
        "lineNumber": 68,
        "author": {
          "gitId": "-"
        },
        "content": ""
      },
      {
        "lineNumber": 69,
        "author": {
          "gitId": "jamessspanggg"
        },
        "content": "### [Hsu Zhong Jun](https://github.com/dcshzj)"
      },
      {
        "lineNumber": 70,
        "author": {
          "gitId": "jamessspanggg"
        },
        "content": "**Role**: Contributor [2021 January - ]\u003cbr/\u003e"
      },
      {
        "lineNumber": 71,
        "author": {
          "gitId": "-"
        },
        "content": ""
      },
      {
        "lineNumber": 72,
        "author": {
          "gitId": "-"
        },
        "content": "\u003c!-- ------------------------------------------------------------------------------------------------------ --\u003e"
      },
      {
        "lineNumber": 73,
        "author": {
          "gitId": "-"
        },
        "content": ""
      },
      {
        "lineNumber": 74,
        "author": {
          "gitId": "jamessspanggg"
        },
        "content": "### [Huang Chengyu](https://github.com/HCY123902)"
      },
      {
        "lineNumber": 75,
        "author": {
          "gitId": "jamessspanggg"
        },
        "content": "**Role**: Contributor [2021 January - ]\u003cbr/\u003e"
      },
      {
        "lineNumber": 76,
        "author": {
          "gitId": "-"
        },
        "content": ""
      },
      {
        "lineNumber": 77,
        "author": {
          "gitId": "jamessspanggg"
        },
        "content": "\u003c!-- ------------------------------------------------------------------------------------------------------ --\u003e"
      },
      {
        "lineNumber": 78,
        "author": {
          "gitId": "jamessspanggg"
        },
        "content": ""
      },
      {
        "lineNumber": 79,
        "author": {
          "gitId": "jamessspanggg"
        },
        "content": "### [Roland Yu Wenyang](https://github.com/rolandyuwy)"
      },
      {
        "lineNumber": 80,
        "author": {
          "gitId": "jamessspanggg"
        },
        "content": "**Role**: Contributor [2021 January - ]\u003cbr/\u003e"
      },
      {
        "lineNumber": 81,
        "author": {
          "gitId": "jamessspanggg"
        },
        "content": ""
      },
      {
        "lineNumber": 82,
        "author": {
          "gitId": "jamessspanggg"
        },
        "content": "\u003c!-- ------------------------------------------------------------------------------------------------------ --\u003e"
      },
      {
        "lineNumber": 83,
        "author": {
          "gitId": "-"
        },
        "content": ""
      },
      {
        "lineNumber": 84,
        "author": {
          "gitId": "-"
        },
        "content": "## Past Members"
      },
      {
        "lineNumber": 85,
        "author": {
          "gitId": "-"
        },
        "content": ""
      },
      {
        "lineNumber": 86,
        "author": {
          "gitId": "-"
        },
        "content": "### [Ma Tanghao](https://github.com/harryggg)"
      },
      {
        "lineNumber": 87,
        "author": {
          "gitId": "-"
        },
        "content": "Main developer for the initial version [2017 May - 2018 May]"
      },
      {
        "lineNumber": 88,
        "author": {
          "gitId": "-"
        },
        "content": ""
      },
      {
        "lineNumber": 89,
        "author": {
          "gitId": "-"
        },
        "content": "\u003c!-- ------------------------------------------------------------------------------------------------------ --\u003e"
      },
      {
        "lineNumber": 90,
        "author": {
          "gitId": "-"
        },
        "content": ""
      },
      {
        "lineNumber": 91,
        "author": {
          "gitId": "-"
        },
        "content": "### [Ong Shu Peng](https://github.com/ongspxm)"
      },
      {
        "lineNumber": 92,
        "author": {
          "gitId": "-"
        },
        "content": "![](https://avatars0.githubusercontent.com/u/1430854?s\u003d150\u0026v\u003d4)\u003cbr/\u003e"
      },
      {
        "lineNumber": 93,
        "author": {
          "gitId": "-"
        },
        "content": "**Role**: Area Lead for UI [2018 Dec - 2019 May]\u003cbr/\u003e"
      },
      {
        "lineNumber": 94,
        "author": {
          "gitId": "-"
        },
        "content": "Committer [2018 Aug - 2018 Dec]\u003cbr/\u003e"
      },
      {
        "lineNumber": 95,
        "author": {
          "gitId": "-"
        },
        "content": "Contributor [2018 May - 2018 Aug]\u003cbr/\u003e"
      },
      {
        "lineNumber": 96,
        "author": {
          "gitId": "-"
        },
        "content": ""
      },
      {
        "lineNumber": 97,
        "author": {
          "gitId": "-"
        },
        "content": "\u003c!-- ------------------------------------------------------------------------------------------------------ --\u003e"
      },
      {
        "lineNumber": 98,
        "author": {
          "gitId": "-"
        },
        "content": ""
      },
      {
        "lineNumber": 99,
        "author": {
          "gitId": "-"
        },
        "content": "### [Tan Jun An](https://github.com/yamidark)"
      },
      {
        "lineNumber": 100,
        "author": {
          "gitId": "-"
        },
        "content": "![](https://avatars3.githubusercontent.com/u/18352498?s\u003d150\u0026v\u003d4)\u003cbr/\u003e"
      },
      {
        "lineNumber": 101,
        "author": {
          "gitId": "-"
        },
        "content": "**Role**: Area Lead for Code Quality [2018 Aug - 2019 April]\u003cbr/\u003e"
      },
      {
        "lineNumber": 102,
        "author": {
          "gitId": "-"
        },
        "content": "Committer [2018 May - 2018 Aug]\u003cbr/\u003e"
      },
      {
        "lineNumber": 103,
        "author": {
          "gitId": "-"
        },
        "content": ""
      },
      {
        "lineNumber": 104,
        "author": {
          "gitId": "-"
        },
        "content": "\u003c!-- ------------------------------------------------------------------------------------------------------ --\u003e"
      },
      {
        "lineNumber": 105,
        "author": {
          "gitId": "-"
        },
        "content": ""
      },
      {
        "lineNumber": 106,
        "author": {
          "gitId": "jamessspanggg"
        },
        "content": "### [Teng Yong Hao](https://github.com/yong24s)"
      },
      {
        "lineNumber": 107,
        "author": {
          "gitId": "jamessspanggg"
        },
        "content": "![](https://avatars2.githubusercontent.com/u/2003406?s\u003d150\u0026v\u003d4)\u003cbr/\u003e"
      },
      {
        "lineNumber": 108,
        "author": {
          "gitId": "jamessspanggg"
        },
        "content": "**Role**: "
      },
      {
        "lineNumber": 109,
        "author": {
          "gitId": "jamessspanggg"
        },
        "content": "Mentor [2018 Dec - 2020 May]\u003cbr/\u003e"
      },
      {
        "lineNumber": 110,
        "author": {
          "gitId": "jamessspanggg"
        },
        "content": "Committer [2018 Aug - 2018 Dec]\u003cbr/\u003e"
      },
      {
        "lineNumber": 111,
        "author": {
          "gitId": "jamessspanggg"
        },
        "content": "Contributor [2018 May - 2018 Aug]\u003cbr/\u003e"
      },
      {
        "lineNumber": 112,
        "author": {
          "gitId": "jamessspanggg"
        },
        "content": ""
      },
      {
        "lineNumber": 113,
        "author": {
          "gitId": "jamessspanggg"
        },
        "content": "\u003c!-- ------------------------------------------------------------------------------------------------------ --\u003e"
      },
      {
        "lineNumber": 114,
        "author": {
          "gitId": "jamessspanggg"
        },
        "content": ""
      },
      {
        "lineNumber": 115,
        "author": {
          "gitId": "-"
        },
        "content": "### [Aditya Agarwal](https://github.com/adityaa1998)"
      },
      {
        "lineNumber": 116,
        "author": {
          "gitId": "-"
        },
        "content": "Contributor [2018 May - 2018 Aug]"
      },
      {
        "lineNumber": 117,
        "author": {
          "gitId": "-"
        },
        "content": ""
      },
      {
        "lineNumber": 118,
        "author": {
          "gitId": "-"
        },
        "content": "\u003c!-- ------------------------------------------------------------------------------------------------------ --\u003e"
      },
      {
        "lineNumber": 119,
        "author": {
          "gitId": "-"
        },
        "content": ""
      },
      {
        "lineNumber": 120,
        "author": {
          "gitId": "-"
        },
        "content": "### [Apoorva Ullas](https://github.com/apoorva17)"
      },
      {
        "lineNumber": 121,
        "author": {
          "gitId": "-"
        },
        "content": "Contributor [2018 Aug - 2019 May]"
      },
      {
        "lineNumber": 122,
        "author": {
          "gitId": "-"
        },
        "content": ""
      },
      {
        "lineNumber": 123,
        "author": {
          "gitId": "-"
        },
        "content": "\u003c!-- ------------------------------------------------------------------------------------------------------ --\u003e"
      },
      {
        "lineNumber": 124,
        "author": {
          "gitId": "-"
        },
        "content": ""
      },
      {
        "lineNumber": 125,
        "author": {
          "gitId": "-"
        },
        "content": "### [Chelsey Ong Hee](https://github.com/chelseyong)"
      },
      {
        "lineNumber": 126,
        "author": {
          "gitId": "-"
        },
        "content": "Contributor [2018 Dec - 2019 May]"
      },
      {
        "lineNumber": 127,
        "author": {
          "gitId": "-"
        },
        "content": ""
      },
      {
        "lineNumber": 128,
        "author": {
          "gitId": "-"
        },
        "content": "\u003c!-- ------------------------------------------------------------------------------------------------------ --\u003e"
      },
      {
        "lineNumber": 129,
        "author": {
          "gitId": "-"
        },
        "content": ""
      },
      {
        "lineNumber": 130,
        "author": {
          "gitId": "-"
        },
        "content": "### [Gilbert Emerson](https://github.com/emer7)"
      },
      {
        "lineNumber": 131,
        "author": {
          "gitId": "-"
        },
        "content": "Contributor [2018 Dec - 2019 May]"
      },
      {
        "lineNumber": 132,
        "author": {
          "gitId": "-"
        },
        "content": ""
      },
      {
        "lineNumber": 133,
        "author": {
          "gitId": "-"
        },
        "content": "\u003c!-- ------------------------------------------------------------------------------------------------------ --\u003e"
      },
      {
        "lineNumber": 134,
        "author": {
          "gitId": "-"
        },
        "content": ""
      },
      {
        "lineNumber": 135,
        "author": {
          "gitId": "-"
        },
        "content": "### [Teo Ming Yi](https://github.com/myteo)"
      },
      {
        "lineNumber": 136,
        "author": {
          "gitId": "-"
        },
        "content": "Contributor [2018 Dec - 2019 May]"
      },
      {
        "lineNumber": 137,
        "author": {
          "gitId": "-"
        },
        "content": ""
      },
      {
        "lineNumber": 138,
        "author": {
          "gitId": "-"
        },
        "content": "\u003c!-- ------------------------------------------------------------------------------------------------------ --\u003e"
      },
      {
        "lineNumber": 139,
        "author": {
          "gitId": "-"
        },
        "content": ""
      },
      {
        "lineNumber": 140,
        "author": {
          "gitId": "-"
        },
        "content": "### [Jin Minjia](https://github.com/bluein-green)"
      },
      {
        "lineNumber": 141,
        "author": {
          "gitId": "-"
        },
        "content": "**Role**: Contributor [2019 May - 2019 Aug]\u003cbr/\u003e"
      },
      {
        "lineNumber": 142,
        "author": {
          "gitId": "jamessspanggg"
        },
        "content": ""
      },
      {
        "lineNumber": 143,
        "author": {
          "gitId": "jamessspanggg"
        },
        "content": "\u003c!-- ------------------------------------------------------------------------------------------------------ --\u003e"
      },
      {
        "lineNumber": 144,
        "author": {
          "gitId": "jamessspanggg"
        },
        "content": ""
      },
      {
        "lineNumber": 145,
        "author": {
          "gitId": "jamessspanggg"
        },
        "content": "### [Lee Jin Yao](https://github.com/jylee-git)"
      },
      {
        "lineNumber": 146,
        "author": {
          "gitId": "jamessspanggg"
        },
        "content": "![](https://avatars3.githubusercontent.com/u/35756209?s\u003d150\u0026v\u003d4)\u003cbr/\u003e"
      },
      {
        "lineNumber": 147,
        "author": {
          "gitId": "jamessspanggg"
        },
        "content": "**Role**: Contributor [2019 May - 2020 May]\u003cbr/\u003e"
      },
      {
        "lineNumber": 148,
        "author": {
          "gitId": "jamessspanggg"
        },
        "content": ""
      },
      {
        "lineNumber": 149,
        "author": {
          "gitId": "jamessspanggg"
        },
        "content": "\u003c!-- ------------------------------------------------------------------------------------------------------ --\u003e"
      },
      {
        "lineNumber": 150,
        "author": {
          "gitId": "jamessspanggg"
        },
        "content": ""
      },
      {
        "lineNumber": 151,
        "author": {
          "gitId": "jamessspanggg"
        },
        "content": "### [Chong Chee Yuan](https://github.com/ccyccyccy)"
      },
      {
        "lineNumber": 152,
        "author": {
          "gitId": "jamessspanggg"
        },
        "content": "**Role**: Contributor [2020 January - 2020 May]\u003cbr/\u003e"
      },
      {
        "lineNumber": 153,
        "author": {
          "gitId": "jamessspanggg"
        },
        "content": ""
      },
      {
        "lineNumber": 154,
        "author": {
          "gitId": "jamessspanggg"
        },
        "content": "\u003c!-- ------------------------------------------------------------------------------------------------------ --\u003e"
      },
      {
        "lineNumber": 155,
        "author": {
          "gitId": "jamessspanggg"
        },
        "content": ""
      },
      {
        "lineNumber": 156,
        "author": {
          "gitId": "jamessspanggg"
        },
        "content": "### [Ni Tianzhen](https://github.com/niqiukun)"
      },
      {
        "lineNumber": 157,
        "author": {
          "gitId": "jamessspanggg"
        },
        "content": "**Role**: Contributor [2020 January - 2020 May]\u003cbr/\u003e"
      },
      {
        "lineNumber": 158,
        "author": {
          "gitId": "jamessspanggg"
        },
        "content": ""
      },
      {
        "lineNumber": 159,
        "author": {
          "gitId": "jamessspanggg"
        },
        "content": "\u003c!-- ------------------------------------------------------------------------------------------------------ --\u003e"
      },
      {
        "lineNumber": 160,
        "author": {
          "gitId": "jamessspanggg"
        },
        "content": ""
      },
      {
        "lineNumber": 161,
        "author": {
          "gitId": "jamessspanggg"
        },
        "content": "### [Yash Chowdhary](https://github.com/yash-chowdhary)"
      },
      {
        "lineNumber": 162,
        "author": {
          "gitId": "jamessspanggg"
        },
        "content": "![](https://avatars2.githubusercontent.com/u/21968718?s\u003d150\u0026v\u003d4)\u003cbr/\u003e"
      },
      {
        "lineNumber": 163,
        "author": {
          "gitId": "jamessspanggg"
        },
        "content": "**Role**: Contributor [2020 January - 2020 May]\u003cbr/\u003e"
      }
    ],
    "authorContributionMap": {
      "jamessspanggg": 55,
      "-": 108
    }
  }
]
